1;Dog Pound;;pets;1
2;Sunday Funday Doggy PlaydateSunday Funday Doggy Playdate;;pets;2
3;Meea's Hot Dogs;;pets;3
4;1st Annual Groomaverse Invitational by Dogdrop (GroomContest, Food, Drinks)1st Annual Groomaverse Invitational by Dogdrop (GroomContest, Food, Drinks);;pets;4
5;7/17 Wiener Dog Races @ Old World Village7/17 Wiener Dog Races @ Old World Village;;pets;5
6;Independence Day Doggie Playdate at Pan Pacific ParkIndependence Day Doggie Playdate at Pan Pacific Park;;pets;6
7;Enjoy The Dog Days of SummerEnjoy The Dog Days of Summer;;pets;7
8;Dog Days of ArthopDog Days of Arthop;;pets;8
9;World Dog Surfing Competition;;pets;9
10;Dog Gone Fun Costume Contest and Fashion Show 2022Dog Gone Fun Costume Contest and Fashion Show 2022;;pets;10
11;San Francisco Independence Day Pub Crawl & Hot Dog Eating ContestSan Francisco Independence Day Pub Crawl & Hot Dog Eating Contest;;pets;11
12;Dogs Eat Free | University of Beer - SacramentoDogs Eat Free | University of Beer - Sacramento;;pets;12
13;Dogs Eat Free | University of Beer- VacavilleDogs Eat Free | University of Beer- Vacaville;;pets;13
14;Dogs Eat Free | University of Beer - RosevilleDogs Eat Free | University of Beer - Roseville;;pets;14
15;Paws for a Cause - Dog Festival & Halloween Costume ContestPaws for a Cause - Dog Festival & Halloween Costume Contest;;pets;15
16;Dogs Eat Free | University of Beer - RocklinDogs Eat Free | University of Beer - Rocklin;;pets;16
17;Movie Screening;publicevents_banner/banner3.jpg;kids;105
18;Parrotkeet Club;publicevents_banner/banner2.jpg;pets;74
19;Anime Club;publicevents_banner/banner3.jpg;kids;11
20;Playground meeting;publicevents_banner/banner4.jpg;kids;33
21;Cat Tennis;publicevents_banner/banner5.jpg;kids;31
22;Dog Meeting;publicevents_banner/banner1.jpg;pets;61
23;Cooper Live;publicevents_banner/banner3.jpg;kids;14
24;Anime Club;publicevents_banner/banner4.jpg;pets;57
25;Playground meeting;publicevents_banner/banner6.jpg;kids;36
26;Cooper Live;publicevents_banner/banner5.jpg;pets;12
27;Playground meeting;publicevents_banner/banner4.jpg;kids;9
28;Playground meeting;publicevents_banner/banner2.jpg;pets;69
29;Cat Meeting;publicevents_banner/banner6.jpg;kids;111
30;Lets make soup!;publicevents_banner/banner5.jpg;kids;112
31;Hello Club;publicevents_banner/banner4.jpg;kids;102
32;Dog Basketball;publicevents_banner/banner4.jpg;pets;78
33;Baseball at Night;publicevents_banner/banner4.jpg;pets;20
34;Salad Club;publicevents_banner/banner3.jpg;kids;93
35;Solitaire at Night;publicevents_banner/banner1.jpg;kids;103
36;Dog Basketball;publicevents_banner/banner4.jpg;kids;28
37;Cat Club;publicevents_banner/banner6.jpg;pets;43
38;Cooper Live;publicevents_banner/banner6.jpg;kids;7
39;Cat Meeting;publicevents_banner/banner3.jpg;kids;79
40;Cat Club;publicevents_banner/banner6.jpg;kids;22
41;Pizza Club;publicevents_banner/banner2.jpg;pets;73
42;Anime Club;publicevents_banner/banner5.jpg;pets;74
43;Apple Club;publicevents_banner/banner4.jpg;kids;88
44;Lets make soup!;publicevents_banner/banner6.jpg;pets;95
45;Solitaire at Night;publicevents_banner/banner5.jpg;kids;55
46;Apple Club;publicevents_banner/banner5.jpg;kids;39
47;Hello Club;publicevents_banner/banner5.jpg;kids;95
48;Meeting for Introverts;publicevents_banner/banner3.jpg;pets;71
49;Cat Club;publicevents_banner/banner2.jpg;kids;76
50;Cat Tennis;publicevents_banner/banner5.jpg;pets;24
51;Dog Meeting;publicevents_banner/banner3.jpg;pets;37
52;Dog Meeting;publicevents_banner/banner1.jpg;kids;97
53;Baseball at Night;publicevents_banner/banner2.jpg;kids;39
54;Paintball with Parrots;publicevents_banner/banner2.jpg;kids;36
55;Dog Meeting;publicevents_banner/banner3.jpg;kids;106
56;Playground Meetup;publicevents_banner/banner5.jpg;kids;92
57;Apple Club;publicevents_banner/banner1.jpg;kids;72
58;Playground Meetup;publicevents_banner/banner1.jpg;pets;17
59;Pizza Club;publicevents_banner/banner4.jpg;pets;62
60;Paintball with Parrots;publicevents_banner/banner3.jpg;kids;36
61;Cooper Live;publicevents_banner/banner2.jpg;pets;114
62;Hello Club;publicevents_banner/banner5.jpg;pets;78
63;Apple Club;publicevents_banner/banner4.jpg;pets;33
64;Meeting with Us;publicevents_banner/banner2.jpg;pets;42
65;Baseball at Night;publicevents_banner/banner3.jpg;kids;33
66;Doggy Club;publicevents_banner/banner1.jpg;pets;110
67;Playground meeting;publicevents_banner/banner3.jpg;kids;115
68;Pizza Club;publicevents_banner/banner6.jpg;kids;16
69;Paintball with Parrots;publicevents_banner/banner4.jpg;kids;93
70;Parrotkeet Club;publicevents_banner/banner3.jpg;pets;56
71;Anime Club;publicevents_banner/banner6.jpg;kids;23
72;Playground Meetup;publicevents_banner/banner2.jpg;pets;28
73;Lets make soup!;publicevents_banner/banner5.jpg;kids;80
74;Dog Basketball;publicevents_banner/banner5.jpg;kids;16
75;Apple Club;publicevents_banner/banner2.jpg;kids;99
76;Paintball with Parrots;publicevents_banner/banner2.jpg;kids;9
77;Hello Club;publicevents_banner/banner4.jpg;kids;13
78;Dog Basketball;publicevents_banner/banner6.jpg;pets;104
79;Salad Club;publicevents_banner/banner2.jpg;pets;99
80;Playground meeting;publicevents_banner/banner2.jpg;kids;29
81;Playground Meetup;publicevents_banner/banner5.jpg;pets;37
82;Hello Club;publicevents_banner/banner2.jpg;kids;17
83;Cooper Live;publicevents_banner/banner3.jpg;pets;12
84;Meeting for Introverts;publicevents_banner/banner5.jpg;kids;73
85;Gaming Competition;publicevents_banner/banner5.jpg;kids;18
86;Cat Club;publicevents_banner/banner3.jpg;pets;108
87;Parrotkeet Club;publicevents_banner/banner1.jpg;kids;7
88;Pizza Club;publicevents_banner/banner1.jpg;kids;89
89;Parrotkeet Club;publicevents_banner/banner6.jpg;pets;27
90;Meeting for Introverts;publicevents_banner/banner2.jpg;pets;13
91;Anime Club;publicevents_banner/banner6.jpg;kids;46
92;Hello Club;publicevents_banner/banner1.jpg;kids;21
93;Apple Club;publicevents_banner/banner1.jpg;kids;82
94;Pizza Club;publicevents_banner/banner4.jpg;pets;16
95;Parrotkeet Club;publicevents_banner/banner3.jpg;kids;116
96;Playground meeting;publicevents_banner/banner5.jpg;pets;95
97;Playground Meetup;publicevents_banner/banner4.jpg;pets;119
98;Cat Meeting;publicevents_banner/banner2.jpg;pets;4
99;Doggy Club;publicevents_banner/banner1.jpg;pets;45
100;Parrotkeet Club;publicevents_banner/banner4.jpg;kids;98
101;Cat Tennis;publicevents_banner/banner6.jpg;pets;30
102;Movie Screening;publicevents_banner/banner1.jpg;kids;23
103;Lets make soup!;publicevents_banner/banner1.jpg;pets;12
104;Hello Club;publicevents_banner/banner2.jpg;pets;83
105;Meeting for Introverts;publicevents_banner/banner5.jpg;pets;46
106;Salad Club;publicevents_banner/banner2.jpg;kids;114
107;Pizza Club;publicevents_banner/banner4.jpg;kids;20
108;Meeting with Us;publicevents_banner/banner2.jpg;kids;32
109;Dog Meeting;publicevents_banner/banner2.jpg;kids;54
110;Dog Meeting;publicevents_banner/banner5.jpg;kids;72
111;Parrotkeet Club;publicevents_banner/banner6.jpg;kids;29
112;Soup Club;publicevents_banner/banner3.jpg;pets;87
113;Movie Screening;publicevents_banner/banner2.jpg;pets;62
114;Playground Meetup;publicevents_banner/banner4.jpg;kids;81
115;Cat Club;publicevents_banner/banner4.jpg;pets;77
116;Pizza Club;publicevents_banner/banner2.jpg;pets;50

